{"cameraMode":{"drawMode":0,"name":"Shaded","section":"Shading Mode"},"sceneLighting":false,"audioPlay":false,"sceneViewState":{"m_AlwaysRefresh":false,"showFog":true,"showSkybox":false,"showFlares":true,"showImageEffects":true,"showParticleSystems":true,"showVisualEffectGraphs":true,"m_FxEnabled":true},"in2DMode":false,"pivot":{"x":-1.5355734825134278,"y":0.1705467700958252,"z":-2.3225579261779787},"rotation":{"x":-0.15418872237205506,"y":0.006518044508993626,"z":-0.0010171524481847883,"w":-0.9880205988883972},"size":2.760084390640259,"orthographic":false}