{"cameraMode":{"drawMode":0,"name":"Shaded","section":"Shading Mode"},"sceneLighting":false,"audioPlay":false,"sceneViewState":{"m_AlwaysRefresh":false,"showFog":true,"showSkybox":false,"showFlares":true,"showImageEffects":true,"showParticleSystems":true,"showVisualEffectGraphs":true,"m_FxEnabled":true},"in2DMode":false,"pivot":{"x":0.1713370680809021,"y":-0.42693543434143069,"z":0.9178485870361328},"rotation":{"x":0.3423091173171997,"y":-0.024799538776278497,"z":0.009038717485964299,"w":0.9392179250717163},"size":11.355494499206543,"orthographic":false}